WOMENS,,
,Clothing,
,,Coats & Jackets
,,Dresses
,,Lingerie
,,Pants
,,Shirts
,,Shorts
,,Skirts
,Shoes,
,,Boots
,,Flats
,,Heels
,,Sneakers
,,Wedges
,Bags,
,,Backpacks
,,Briefcases
,,Clutches
,,Luggage
,,Shoulder Bags
,,Totes
,Accessories,
,,Belts
,,Cases
,,Gloves
,,Hair
,,Hats
,,Scarves
,,Sunglasses
,,Umbrellas
,,Wallets
,,Watches
,Jewelry,
,,Bracelets
,,Cuff Links
,,Earrings
,,Necklaces
,,Rings
MENS,,
,Clothing,
,,Coats & Jackets
,,Pants
,,Shirts
,,Shorts
,,Sweats
,,Underwear
,Shoes,
,,Boots
,,Sandals
,,Slip-Ons
,,Sneakers
,Bags,
,,Backpacks
,,Briefcases
,,Luggage
,Accessories,
,,Belts
,,Cases
,,Cufflinks
,,Gloves
,,Hats
,,Scarves
,,Sunglasses
,,Ties
,,Wallets
,,Watches
,Jewelry,
,,Bracelets
,,Necklaces
,,Rings
,,Earrings
Health & Beauty,,
,Makeup,
,Nails,
,Hair,
,Skin,
,Vitamins,
,Supplements,
Tech & Gadgets,,
Home,,
,Accessories,
,Kitchen,
,Furniture,
,Lighting,
,Rugs,
,Dining,
,Living,
,Bedroom,
,Workspace,
,Outdoor,
Art,,
,Prints,
,Photography,
,Posters,
,Reproductions,
Sports & Outdoors,,
Pets,,
,Dogs,
,Cats,
,Collars & Leashes,
,"Beds, Crates, & Gear",
,Bowls & Feeders,
,Clothing,