,,,,,
,,,,,
Womens,,,,,
,Clothing,,,,
,,Coats & Jackets,,,
,,,XS|||S|||M|||L|||XL|||XXL,,
,,Dresses,,,
,,,00|||0|||2|||4|||6|||8|||10|||12|||14,,
,,Lingerie,,,
,,,Underwear,,
,,,,4|||5|||6|||7|||8|||9 ,
,,,Bras,,
,,,,Band Size,
,,,,,32|||34|||36|||38
,,,,Cup Size,
,,,,,A|||B|||C|||D|||DD|||DDD
,,Pants,,,
,,,24|||25|||26|||27|||28|||29|||30|||31|||32,,
,,Shirts,,,
,,,XXS|||XS|||S|||M|||L|||XL|||XXL,,
,,Shorts,,,
,,,0|||2|||4|||6|||8|||10|||12|||14|||16,,
,,Skirts,,,
,,,00|||0|||2|||4|||6|||8|||10|||12|||14,,
,Shoes,,,,
,,Boots,,,
,,,6|||6.5|||7|||7.5|||8|||8.5|||9|||9.5|||10|||10.5|||11|||11.5|||12,,
,,Flats,,,
,,,6|||6.5|||7|||7.5|||8|||8.5|||9|||9.5|||10|||10.5|||11|||11.5|||12,,
,,Heels,,,
,,,6|||6.5|||7|||7.5|||8|||8.5|||9|||9.5|||10|||10.5|||11|||11.5|||12,,
,,Sneakers,,,
,,,6|||6.5|||7|||7.5|||8|||8.5|||9|||9.5|||10|||10.5|||11|||11.5|||12,,
,,Wedges,,,
,,,6|||6.5|||7|||7.5|||8|||8.5|||9|||9.5|||10|||10.5|||11|||11.5|||12,,
,Bags,,,,
,,Backpacks,,,
,,Handbags,,,
,,Briefcases,,,
,,Clutches,,,
,,Luggage,,,
,,Shoulder Bags,,,
,,Totes,,,
,Accessories,,,,
,,Belts,,,
,,Cases,,,
,,Gloves,,,
,,Hair,,,
,,Hats,,,
,,Scarves,,,
,,Sunglasses,,,
,,Umbrellas,,,
,,Wallets,,,
,,Watches,,,
,Jewelry,,,,
,,Bracelets,,,
,,Earrings,,,
,,Necklaces,,,
,,Rings,,,
,,,7|||7.5|||8|||8.5|||9|||9.5|||10|||10.5|||11|||11.5|||12|||12.5|||13,,
Mens,,,,,
,Clothing,,,,
,,Coats & Jackets,,,
,,,S|||M|||L|||XL|||XXL,,
,,Pants,,,
,,,29|||30|||31|||32|||33|||34|||35|||36,,
,,Shirts,,,
,,,XS|||S|||M|||L|||XL|||XXL|||XXXL,,
,,Shorts,,,
,,,26|||27|||28|||29|||30|||31|||32|||33|||34|||35|||36|||37|||38,,
,,Underwear,,,
,,,S|||M|||L|||XL|||XXL,,
,Shoes,,,,
,,Boots,,,
,,,8|||8.5|||9|||9.5|||10|||10.5|||11|||11.5|||12|||12.5|||13|||13.5|||14|||14.5|||15,,
,,Sandals,,,
,,,8|||8.5|||9|||9.5|||10|||10.5|||11|||11.5|||12|||12.5|||13|||13.5|||14|||14.5|||15,,
,,Slip-Ons,,,
,,,8|||8.5|||9|||9.5|||10|||10.5|||11|||11.5|||12|||12.5|||13|||13.5|||14|||14.5|||15,,
,,Sneakers,,,
,Bags,,8|||8.5|||9|||9.5|||10|||10.5|||11|||11.5|||12|||12.5|||13|||13.5|||14|||14.5|||15,,
,,Backpacks,,,
,,Briefcases,,,
,,Luggage,,,
,Accessories,,,,
,,Belts,30|||32|||34|||36|||38|||40,,
,,Cases,,,
,,Cufflinks,,,
,,Gloves,,,
,,Hats,,,
,,Scarves,,,
,,Sunglasses,,,
,,Ties,,,
,,Wallets,,,
,,Watches,,,
,Jewelry,,,,
,,Bracelets,,,
,,Earrings,,,
,,Necklaces,,,
,,Rings,,,
,,,7|||7.5|||8|||8.5|||9|||9.5|||10|||10.5|||11|||11.5|||12|||12.5|||13,,
,,Cuff Links,,,
Health & Beauty,,,,,
,Makeup,,,,
,Nails,,,,
,Hair,,,,
,Skin,,,,
,Vitamins,,,,
,Supplements,,,,
Tech & Gadgets,,,,,
Home,,,,,
,Accessories,,,,
,Kitchen,,,,
,Furniture,,,,
,Lighting,,,,
,Rugs,,,,
,Dining,,,,
,Living,,,,
,Bedroom,,,,
,Workspace,,,,
,Outdoor,,,,
Art,,,,,
,Prints,,,,
,Photography,,,,
,Posters,,,,
,Reproductions,,,,
Sports & Outdoors,,,,,
Pets,,,,,
,Dogs,,,,
,Cats,,,,
,Collars & Leashes,,,,
,Beds||| Crates||| & Gear,,,,
,Bowls & Feeders,,,,
,Clothing,,,,