,,,,
,,,,
Womens,,,,
,Clothing,,,
,,Coats & Jackets,,
,,Dresses,,
,,Lingerie,,
,,,Underwear,
,,,Bras,
,,Pants,,
,,Shirts,,
,,Shorts,,
,,Skirts,,
,Shoes,,,
,,Boots,,
,,Flats,,
,,Heels,,
,,Sneakers,,
,,Wedges,,
,Bags,,,
,,Backpacks,,
,,Handbags,,
,,Briefcases,,
,,Clutches,,
,,Luggage,,
,,Shoulder Bags,,
,,Totes,,
,Accessories,,,
,,Belts,,
,,Gloves,,
,,Hair,,
,,Hats,,
,,Scarves,,
,,Sunglasses,,
,,Umbrellas,,
,,Wallets,,
,,Watches,,
,Jewelry,,,
,,Bracelets,,
,,Earrings,,
,,Necklaces,,
,,Rings,,
Mens,,,,
,Clothing,,,
,,Coats & Jackets,,
,,Pants,,
,,Shirts,,
,,Shorts,,
,,Underwear,,
,Shoes,,,
,,Boots,,
,,Sandals,,
,,Slip-Ons,,
,,Sneakers,,
,,Backpacks,,
,,Briefcases,,
,,Luggage,,
,Accessories,,,
,,Belts,,
,,Cufflinks,,
,,Gloves,,
,,Hats,,
,,Scarves,,
,,Sunglasses,,
,,Ties,,
,,Wallets,,
,,Watches,,
,Jewelry,,,
,,Bracelets,,
,,Earrings,,
,,Necklaces,,
,,Rings,,
,,Cuff Links,,
Health & Beauty,,,,
,Makeup,,,
,Nails,,,
,Hair,,,
,Skin,,,
,Vitamins,,,
,Supplements,,,
Tech & Gadgets,,,,
,Phone Case,,,
Home,,,,
,Accessories,,,
,Kitchen,,,
,Furniture,,,
,Lighting,,,
,Rugs,,,
,Dining,,,
,Living,,,
,Bedroom,,,
,Workspace,,,
,Outdoor,,,
Art,,,,
,Prints,,,
,Photography,,,
,Posters,,,
,Reproductions,,,
Sports & Outdoors,,,,
Pets,,,,
,Dogs,,,
,Cats,,,
,Collars & Leashes,,,
,Beds--- Crates--- & Gear,,,
,Bowls & Feeders,,,
,Clothing,,,